ticker,exchange_suffix,name,sector
2020.OL,.OL,2020 BULKERS,
5PG.OL,.OL,5TH PLANET GAMES,
74SW.PA,.PA,74SOFTWARE,
8GW.IR,.IR,GREAT WESTERN MIN.,
A2A.MI,.MI,A2A,
A5G.IR,.IR,AIB GROUP PLC,
AAA.PA,.PA,ALAN ALLMAN,
AALB.AS,.AS,AALBERTS NV,
AASB.OL,.OL,AASEN SPAREBANK,
AAT.MI,.MI,AATECH,
AB.PA,.PA,AB SCIENCE,
ABC.MI,.MI,ABC COMPANY,
ABCA.PA,.PA,ABC ARBITRAGE,
ABEO.PA,.PA,ABEO,
ABG.OL,.OL,ABG SUNDAL COLLIER,
ABI.BR,.BR,AB INBEV,
ABL.OL,.OL,ABL GROUP,
ABLD.PA,.PA,ABL Diagnostics,
ABN.AS,.AS,ABN AMRO BANK N.V.,
ABNX.PA,.PA,ABIONYX PHARMA,
ABO.BR,.BR,ABO GROUP,
ABP.MI,.MI,A.B.P. NOCIVELLI,
ABS.OL,.OL,ARCTIC BIOSCIENCE,
ABT.MI,.MI,ABITARE IN,
ABTEC.OL,.OL,AQUA BIO TECHNO,
ABTG.MI,.MI,ALFIO BARDOLLA,
ABVX.PA,.PA,ABIVAX,
AC.PA,.PA,ACCOR,
AC5.MI,.MI,ACINQUE,
ACA.PA,.PA,CREDIT AGRICOLE,
ACAN.PA,.PA,ACANTHE DEV.,
ACCB.BR,.BR,ACCENTIS,
ACE.MI,.MI,ACEA,
ACED.OL,.OL,ACE DIGITAL,
ACKB.BR,.BR,ACKERMANS V.HAAREN,
ACOMO.AS,.AS,ACOMO,
ACQ.MI,.MI,ACQUAZZURRA,
ACR.OL,.OL,AXACTOR,
AD.AS,.AS,AHOLD DEL,
ADB.MI,.MI,AEROPORTO G. M. BO,
ADOC.PA,.PA,ADOCIA,
ADP.PA,.PA,ADP,
ADS.OL,.OL,ADS MARITIME HOLD,
ADV.MI,.MI,ADVENTURE,
ADYEN.AS,.AS,ADYEN,
AEDES.MI,.MI,AEDES,
AEF.MI,.MI,AEFFE,
AELIS.PA,.PA,AELIS FARMA,
AFG.OL,.OL,AF GRUPPEN,
AFISH.OL,.OL,ARCTIC FISH HOLDIN,
AFK.OL,.OL,ARENDALS FOSSEKOMP,
AGAIN.MI,.MI,CLOUDIA RESEARCH,
AGFB.BR,.BR,AGFA-GEVAERT,
AGIL.AS,.AS,Agility Capital H,
AGLX.OL,.OL,AGILYX,
AGN.AS,.AS,AEGON,
AGP.MI,.MI,ALTEA GREEN POWER,
AGS.BR,.BR,AGEAS,
AI.PA,.PA,AIR LIQUIDE,
AIM.MI,.MI,4AIM SICAF,
AIR.PA,.PA,AIRBUS,
AIX.OL,.OL,AYFIE INTERNATIONA,
AJAX.AS,.AS,AJAX,
AKAST.OL,.OL,AKASTOR,
AKBM.OL,.OL,AKER BIOMARINE,
AKE.PA,.PA,ARKEMA,
AKER.OL,.OL,AKER,
AKOBO.OL,.OL,AKOBO MINERALS,
AKOM.PA,.PA,AERKOMM INC,
AKRBP.OL,.OL,AKER BP,
AKSO.OL,.OL,AKER SOLUTIONS,
AKVA.OL,.OL,AKVA GROUP,
AKW.PA,.PA,AKWEL,
AKZA.AS,.AS,AKZO NOBEL,
AL2SI.PA,.PA,2CRSI,
ALADO.PA,.PA,ADOMOS,
ALAFY.PA,.PA,AFYREN,
ALAGO.PA,.PA,E PANGO,
ALAGP.PA,.PA,AGRIPOWER,
ALAGR.PA,.PA,AGROGENERATION,
ALAIR.PA,.PA,AIRWELL,
ALALO.PA,.PA,ACHETER-LOUER.FR,
ALAMA.PA,.PA,AMA CORPORATION,
ALAQU.PA,.PA,AQUILA,
ALARF.PA,.PA,ADEUNIS,
ALATA.PA,.PA,ATARI,
ALATI.PA,.PA,ACTIA GROUP,
ALAUD.PA,.PA,AUDACIA,
ALAVI.PA,.PA,ADVINI,
ALBFR.PA,.PA,SIDETRADE,
ALBI.PA,.PA,GASCOGNE,
ALBIO.PA,.PA,BIOSYNEX,
ALBIZ.PA,.PA,OBIZ,
ALBKK.PA,.PA,BAIKOWSKI,
ALBLD.PA,.PA,BILENDI,
ALBLU.PA,.PA,BLUELINEA,
ALBOA.PA,.PA,BOA CONCEPT,
ALBON.PA,.PA,LEBON,
ALBOO.PA,.PA,BOOSTHEAT,
ALBOU.PA,.PA,BOURRELIER GROUP,
ALBPK.PA,.PA,BROADPEAK,
ALBPS.PA,.PA,BIOPHYTIS,
ALCAB.PA,.PA,CABASSE,
ALCAF.PA,.PA,CAFOM,
ALCAT.PA,.PA,CATANA GROUP,
ALCBI.PA,.PA,CBI,
ALCBX.PA,.PA,CIBOX INTER A CTIV,
ALCGM.PA,.PA,CEGEDIM,
ALCIS.PA,.PA,CATERING INTL SCES,
ALCJ.PA,.PA,CROSSJECT,
ALCLS.PA,.PA,CELLECTIS,
ALCOF.PA,.PA,COFIDUR,
ALCOG.PA,.PA,COGRA,
ALCOI.PA,.PA,COIL,
ALCOX.PA,.PA,NICOX,
ALCPB.PA,.PA,CAPITAL B,
ALCRB.PA,.PA,CARBIOS,
ALCUR.PA,.PA,ARCURE,
ALCWE.PA,.PA,CHARWOOD ENERGY,
ALDAR.PA,.PA,DAMARTEX,
ALDBL.PA,.PA,BERNARD LOISEAU,
ALDBT.PA,.PA,DBT,
ALDEL.PA,.PA,DELFINGEN,
ALDEV.PA,.PA,DEVERNOIS,
ALDLS.PA,.PA,D.L.S.I.,
ALDLT.PA,.PA,DELTA PLUS GROUP,
ALDMS.PA,.PA,DIAGNOSTIC MEDICAL,
ALDNE.PA,.PA,DONTNOD,
ALDNX.PA,.PA,DNXCORP,
ALDOL.PA,.PA,DOLFINES,
ALDRV.PA,.PA,DRONE VOLT,
ALDUB.PA,.PA,ENCRES DUBUIT,
ALDUX.PA,.PA,ADUX,
ALDV.PA,.PA,ADC SIIC,
ALDVI.PA,.PA,ADVICENNE,
ALEAC.PA,.PA,EDILIZIACROBATICA,
ALECO.PA,.PA,ECOMIAM,
ALECP.PA,.PA,EUROPACORP,
ALECR.PA,.PA,EUROFINS CEREP,
ALEMG.PA,.PA,LABO EUROMEDIS,
ALEMS.BR,.BR,European Medical S,
ALEMV.PA,.PA,EMOVA GROUP,
ALENO.PA,.PA,ENOGIA,
ALENT.PA,.PA,ETHERO,
ALEO2.PA,.PA,EO2,
ALERO.PA,.PA,EUROLAND CORPORATE,
ALERS.PA,.PA,EUROBIO-SCIENTIFIC,
ALESE.PA,.PA,ENTECH,
ALETC.PA,.PA,ENERGY SOLAR,
ALEUA.PA,.PA,EURASIA GROUPE,
ALEUP.PA,.PA,EUROPLASMA,
ALEXA.PA,.PA,EXACOMPTA CLAIREF.,
ALEXP.PA,.PA,ONE EXPERIENCE,
ALFEN.AS,.AS,ALFEN,
ALFLE.PA,.PA,FLEURY MICHON,
ALFLO.PA,.PA,FLORENTAISE,
ALFO.MI,.MI,ALFONSINO,
ALFPC.PA,.PA,FOUNTAINE PAJOT,
ALFRE.PA,.PA,FREELANCE.COM,
ALFUM.PA,.PA,FILL UP MEDIA,
ALGAE.PA,.PA,FERMENTALG,
ALGEC.PA,.PA,GECI INTL,
ALGEN.PA,.PA,GENOWAY,
ALGEV.PA,.PA,GEVELOT,
ALGID.PA,.PA,EGIDE,
ALGIL.PA,.PA,GROUPE GUILLIN,
ALGIR.PA,.PA,SIGNAUX GIROD,
ALGLD.PA,.PA,GOLD BY GOLD,
ALGRO.PA,.PA,GROLLEAU,
ALGTR.PA,.PA,GROUPE TERA,
ALHAF.PA,.PA,HAFFNER ENERGY,
ALHEX.PA,.PA,HEXAOM,
ALHF.PA,.PA,HF COMPANY,
ALHG.PA,.PA,LOUIS HACHETTE,
ALHGO.PA,.PA,HAMILTON GLOBAL OP,
ALHGR.PA,.PA,HOFFMANN,
ALHIT.PA,.PA,HITECHPROS,
ALHOP.PA,.PA,HOPSCOTCH GROUPE,
ALHPI.PA,.PA,HOPIUM,
ALHRG.PA,.PA,HERIGE,
ALHRS.PA,.PA,HYDROGEN REFUELING,
ALHUN.PA,.PA,HUNYVERS,
ALHYP.PA,.PA,HIPAY GROUP,
ALI2S.PA,.PA,I2S,
ALIBR.PA,.PA,CALIBRE,
ALICA.PA,.PA,ICAPE HOLDING,
ALIE.PA,.PA,SIPARIO MOVIES,
ALIKO.PA,.PA,IKONISYS,
ALIMO.PA,.PA,GROUPIMO,
ALIMP.PA,.PA,IMPLANET,
ALIMR.PA,.PA,IMMERSION,
ALINN.PA,.PA,INNELEC MULTIMEDIA,
ALINS.PA,.PA,INTRASENSE,
ALINT.PA,.PA,INTEGRAGEN,
ALINV.PA,.PA,INVIBES ADVERTSING,
ALISP.PA,.PA,ISPD,
ALITL.PA,.PA,IT LINK,
ALJXR.PA,.PA,ARCHOS,
ALKAL.PA,.PA,KALRAY,
ALKEY.PA,.PA,KEYRUS,
ALKKO.PA,.PA,KKO INTERNATIONAL,
ALKLA.PA,.PA,KLARSEN,
ALKLH.PA,.PA,KLEA HOLDING,
ALKLK.PA,.PA,KERLINK,
ALKLN.PA,.PA,KALEON,
ALKOM.PA,.PA,KOMPUESTOS,
ALLAN.PA,.PA,LANSON-BCC,
ALLDL.PA,.PA,GROUPE LDLC,
ALLEX.PA,.PA,LEXIBOOK LINGUIST.,
ALLFG.AS,.AS,ALLFUNDS GROUP,
ALLGO.PA,.PA,LARGO,
ALLHB.PA,.PA,LES HOTELS BAVEREZ,
ALLIX.PA,.PA,WALLIX,
ALLLN.PA,.PA,LLEIDA,
ALLOG.PA,.PA,LOGIC INSTRUMENT,
ALLPL.PA,.PA,LEPERMISLIBRE,
ALLUX.PA,.PA,INSTALLUX,
ALMAR.PA,.PA,MARE NOSTRUM,
ALMAS.PA,.PA,MASTRAD,
ALMCE.PA,.PA,MON COURTIER ENERG,
ALMDG.PA,.PA,MGI DIGITAL GRAPHI,
ALMDT.PA,.PA,MEDIANTECHNOLOGIES,
ALMER.PA,.PA,SAPMER,
ALMET.PA,.PA,METHANOR,
ALMEX.PA,.PA,MEXEDIA,
ALMGI.PA,.PA,MG INTERNATIONAL,
ALMIB.PA,.PA,AMOEBA,
ALMIN.PA,.PA,MINT,
ALMKS.PA,.PA,MAKING SCIENCE,
ALMKT.PA,.PA,MAUNA KEA TECH,
ALMLB.PA,.PA,MILIBOO,
ALMOU.PA,.PA,MOULINVEST,
ALMRB.PA,.PA,MR BRICOLAGE,
ALMUN.PA,.PA,MUNIC,
ALNEV.PA,.PA,NEOVACS,
ALNFL.PA,.PA,NFL BIOSCIENCES,
ALNG.OL,.OL,AWILCO LNG,
ALNLF.PA,.PA,NEOLIFE,
ALNMG.PA,.PA,NETMEDIA GROUP,
ALNMR.PA,.PA,NAMR,
ALNN6.PA,.PA,ENENSYS,
ALNOV.PA,.PA,NOVACYT,
ALNRG.PA,.PA,ENERGISME,
ALNSC.PA,.PA,NSC GROUPE,
ALNSE.PA,.PA,NSE,
ALNTG.PA,.PA,NETGEM,
ALNXT.PA,.PA,NEXTEDIA,
ALO.PA,.PA,ALSTOM,
ALODC.PA,.PA,OMER-DECUGIS & CIE,
ALODY.PA,.PA,ODYSSEE TECHNO,
ALOKW.PA,.PA,GROUPE OKWIND,
ALOPM.PA,.PA,ONCODESIGN PM,
ALORA.PA,.PA,ALTHEORA,
ALORD.PA,.PA,ORDISSIMO,
ALPAS.PA,.PA,PASSAT,
ALPAT.PA,.PA,PLANT ADVANCED,
ALPAU.PA,.PA,PAULIC MEUNERIE,
ALPDX.PA,.PA,PISCINES DESJOYAUX,
ALPET.PA,.PA,PET SERVICE,
ALPHI.PA,.PA,FACEPHI,
ALPJT.PA,.PA,POUJOULAT,
ALPM.PA,.PA,PRECIA,
ALPOU.PA,.PA,POULAILLON,
ALPRE.PA,.PA,PREDILIFE,
ALPRG.PA,.PA,PROLOGUE,
ALPRI.PA,.PA,PRISMAFLEX INTL,
ALPUL.PA,.PA,PULLUP ENTERTAIN,
ALPWG.PA,.PA,PRODWAYS GROUP,
ALQGC.PA,.PA,QUANTUM GENOMICS,
ALQWA.PA,.PA,QWAMPLIFY,
ALREA.PA,.PA,REALITES,
ALREB.PA,.PA,REBIRTH,
ALREW.PA,.PA,REWORLD MEDIA,
ALRFG.PA,.PA,RACING FORCE,
ALRGR.PA,.PA,ROUGIER S.A.,
ALRIB.PA,.PA,RIBER,
ALROC.PA,.PA,ROCTOOL,
ALRPD.PA,.PA,RAPID NUTRITION,
ALSAF.PA,.PA,SAFE,
ALSAS.PA,.PA,STRADIM ESPAC.FIN,
ALSEI.PA,.PA,SEIF SPA,
ALSEM.PA,.PA,SEMCO TECHNOLOGIES,
ALSEN.PA,.PA,SENSORION,
ALSGD.PA,.PA,SPINEGUARD,
ALSMA.PA,.PA,SMAIO,
ALSMB.LS,.LS,SAMBA DIGITAL,
ALSOG.PA,.PA,SOGECLAIR,
ALSPT.PA,.PA,SPARTOO,
ALSPW.PA,.PA,SPINEWAY,
ALSRS.PA,.PA,SIRIUS MEDIA,
ALSTI.PA,.PA,STIF,
ALSTW.PA,.PA,STREAMWIDE,
ALTA.PA,.PA,ALTAREA,
ALTAI.PA,.PA,LIGHTON,
ALTAO.PA,.PA,ATON,
ALTD.PA,.PA,TONNER DRONES,
ALTHE.PA,.PA,THERACLION,
ALTHO.PA,.PA,METAVISIO,
ALTHX.PA,.PA,THX PHARMA,
ALTME.PA,.PA,TME PHARMA,
ALTOO.PA,.PA,TOOSLA,
ALTOU.PA,.PA,TOUAX,
ALTPC.PA,.PA,SMTPC,
ALTR.LS,.LS,ALTRI SGPS,
ALTRA.PA,.PA,TRACTIAL,
ALTRI.PA,.PA,TRILOGIQ,
ALTUV.PA,.PA,BIO-UV GROUP,
ALTXC.PA,.PA,TXCOM,
ALU10.PA,.PA,U10 CORP,
ALUCI.PA,.PA,LUCIBEL,
ALUNT.PA,.PA,UNITI,
ALUPG.PA,.PA,UPERGY,
ALUVI.PA,.PA,UV GERMI,
ALVAL.PA,.PA,VALBIOTIS,
ALVAP.PA,.PA,KUMULUS VAPE,
ALVAZ.PA,.PA,VAZIVA,
ALVDM.PA,.PA,VOYAGEURS DU MONDE,
ALVG.PA,.PA,VEOM GROUP,
ALVGO.PA,.PA,VOGO,
ALVIA.PA,.PA,VIALIFE,
ALVIN.PA,.PA,VINPAI,
ALVIO.PA,.PA,VALERIO TX,
ALVIR.PA,.PA,VIRTUALWARE,
ALVU.PA,.PA,VENTE UNIQUE.COM,
ALWEC.PA,.PA,WE.CONNECT,
ALWF.PA,.PA,WINFARM,
ALWIT.PA,.PA,WITBE,
ALWTR.PA,.PA,WATERA,
ALX.AS,.AS,ALUMEXX N.V.,
ALXIL.PA,.PA,XILAM ANIMATION,
AM.PA,.PA,DASSAULT AVIATION,
AMB.MI,.MI,AMBROMOBILIARE,
AMG.AS,.AS,AMG,
AMI.MI,.MI,FRIENDS,
AMP.MI,.MI,AMPLIFON,
AMUN.PA,.PA,AMUNDI,
AMUND.AS,.AS,ALMUNDA PRO NV,
ANDF.OL,.OL,ANDFJORD SALMON GR,
ANIM.MI,.MI,ANIMA HOLDING,
ANTIN.PA,.PA,ANTIN INFRA PARTN,
APAM.AS,.AS,APERAM,
APR.OL,.OL,APPEAR,
ARAMI.PA,.PA,ARAMIS GROUP,
ARBS.MI,.MI,ARTERRA BIOSCIENCE,
ARCAD.AS,.AS,ARCADIS,
ARCH.OL,.OL,ARCHER,
ARDO.PA,.PA,ARDOIN ST AMAND B,
AREIT.PA,.PA,ALTAREIT,
ARG.PA,.PA,ARGAN,
ARGX.BR,.BR,ARGENX SE,
ARIS.MI,.MI,ARISTON HOLDING,
ARN.MI,.MI,ALERION,
ARR.OL,.OL,ARRIBATEC GROUP,
ART.MI,.MI,DEODATO.GALLERY,
ARTE.PA,.PA,ARTEA,
ARTO.PA,.PA,ARTOIS NOM.,
ARVEN.PA,.PA,ARVERNE GROUP,
ASA.OL,.OL,ATLANTIC SAPPHIRE,
ASC.MI,.MI,ASCOPIAVE,
ASCE.BR,.BR,ASCENCIO,
ASM.AS,.AS,ASM INTERNATIONAL,
ASML.AS,.AS,ASML HOLDING,
ASRNL.AS,.AS,ASR NEDERLAND,
ASY.PA,.PA,ASSYSTEM,
ATE.PA,.PA,ALTEN,
ATEA.OL,.OL,ATEA,
ATEB.BR,.BR,ATENOR,
ATEME.PA,.PA,ATEME,
ATLD.PA,.PA,ATLAND,
ATO.PA,.PA,ATOS,
ATON.MI,.MI,ATON GREEN STORAGE,
AUB.PA,.PA,AUBAY,
AUGR.PA,.PA,AUGROS COSMETIC,
AURE.PA,.PA,AUREA,
AURG.OL,.OL,AURSKOG SPAREBANK,
AUSS.OL,.OL,AUSTEVOLL SEAFOOD,
AUTME.MI,.MI,AUTOSTRADE MERID,
AUTO.OL,.OL,AUTOSTORE HOLDINGS,
AVIO.MI,.MI,AVIO,
AVT.PA,.PA,AVENIR TELECOM,
AVTX.AS,.AS,AVANTIUM,
AXS.AS,.AS,ACCSYS,
AYV.PA,.PA,AYVENS,
AZE.BR,.BR,AZELIS GROUP,
AZM.MI,.MI,AZIMUT,
AZRN.AS,.AS,AZERION,
AZT.OL,.OL,ARCTICZYMES TECHNO,
B.MI,.MI,BASTOGI SPA,
B2I.OL,.OL,B2 Impact,
BACE.AS,.AS,BM3EAC,
BAIN.PA,.PA,BAINS MER MONACO,
BAKKA.OL,.OL,BAKKAFROST,
BALT.OL,.OL,BALTIC SEA PROP,
BAMI.MI,.MI,BANCO BPM,
BAMNB.AS,.AS,BAM GROEP KON,
BAN.MI,.MI,BASICNET,
BANI.BR,.BR,BANIMMO A,
BANQ.BR,.BR,BANQUP GROUP,
BAR.BR,.BR,BARCO,
BARRA.OL,.OL,BARRAMUNDI GROUP,
BASS.PA,.PA,BASSAC,
BB.PA,.PA,BIC,
BC.MI,.MI,BRUNELLO CUCINELLI,
BCP.LS,.LS,B.COM.PORTUGUES,
BCS.OL,.OL,BERGEN CARBON SOL,
BDB.MI,.MI,BCO DESIO BRIANZA,
BEC.MI,.MI,B&C SPEAKERS,
BEKB.BR,.BR,BEKAERT,
BELL.MI,.MI,BELLINI NAUTICA,
BELYS.BR,.BR,BELYSSE GROUP,
BEN.PA,.PA,BENETEAU,
BES.MI,.MI,BESTBE HOLDING,
BESI.AS,.AS,BE SEMICONDUCTOR,
BEVER.AS,.AS,BEVER HOLDING,
BEWI.OL,.OL,BEWI,
BF.MI,.MI,BOLOGNAFIERE,
BFF.MI,.MI,BFF BANK,
BFG.MI,.MI,B.F.,
BFIT.AS,.AS,BASIC-FIT,
BGN.MI,.MI,BANCA GENERALI,
BIEN.OL,.OL,BIEN SPAREBANK,
BIG.PA,.PA,BIGBEN INTERACTIVE,
BIM.PA,.PA,BIOMERIEUX,
BINT.OL,.OL,BEWI INVEST,
BIOS.BR,.BR,BIOSENIC,
BIRG.IR,.IR,BANK OF IRELAND GP,
BLC.PA,.PA,BASTIDE LE CONFORT,
BLEE.PA,.PA,BLEECKER,
BMA.OL,.OL,BYGGMA,
BMED.MI,.MI,BANCA MEDIOLANUM,
BMPS.MI,.MI,BANCA MPS,
BN.PA,.PA,DANONE,
BNB.BR,.BR,BQUE NAT. BELGIQUE,
BNJ.AS,.AS,BANIJAY GROUP,
BNOR.OL,.OL,BLUENORD,
BNP.PA,.PA,BNP PARIBAS ACT.A,
BO.MI,.MI,BORGOSESIA,
BOI.PA,.PA,BOIRON,
BOL.PA,.PA,BOLLORE,
BON.PA,.PA,BONDUELLE,
BONHR.OL,.OL,BONHEUR,
BOR.OL,.OL,BORGESTAD,
BORR.OL,.OL,BORR DRILLING,
BOUV.OL,.OL,BOUVET,
BPE.MI,.MI,BPER BANCA,
BPOST.BR,.BR,BPOST,
BRE.MI,.MI,BREMBO,
BREB.BR,.BR,BREDERODE,
BRG.OL,.OL,BORREGAARD,
BRI.MI,.MI,BRIOSCHI,
BRM.MI,.MI,BRAGA MORO,
BRNL.AS,.AS,BRUNEL INTERNAT,
BRUT.OL,.OL,BRUTON,
BSD.PA,.PA,BOURSE DIRECT,
BSP.OL,.OL,BLACK SEA PROPERTY,
BSS.MI,.MI,BIESSE,
BST.MI,.MI,BANCA SISTEMA,
BTLS.BR,.BR,BIOTALYS,
BUI.PA,.PA,BARBARA BUI,
BUR.PA,.PA,BURELLE,
BVI.PA,.PA,BUREAU VERITAS,
BWE.OL,.OL,BW ENERGY LIMITED,
BWLPG.OL,.OL,BW LPG,
BWO.OL,.OL,BW OFFSHORE LTD,
BWZ.MI,.MI,BEEWIZE,
BZU.MI,.MI,BUZZI,
C5H.IR,.IR,CAIRN HOMES PLC,
CA.PA,.PA,CARREFOUR,
CABKA.AS,.AS,CABKA,
CABLE.AS,.AS,GIG,
CADLR.OL,.OL,CADELER,
CAF.PA,.PA,CRCAM PARIS ET IDF,
CAI.MI,.MI,CAIRO COMMUNICAT,
CALT.MI,.MI,CALTAGIRONE,
CAMB.BR,.BR,CAMPINE,
CAMBI.OL,.OL,CAMBI,
CAND.BR,.BR,CANDELA INVEST,
CAP.PA,.PA,CAPGEMINI,
CAPSL.OL,.OL,CAPSOL TECHNOLOGI,
CARM.PA,.PA,CARMILA,
CAT31.PA,.PA,CA TOULOUSE 31 CCI,
CAVEN.OL,.OL,CAVENDISH HYDROGEN,
CBB.MI,.MI,CLEANBNB,
CBDG.PA,.PA,CAMBODGE NOM.,
CBE.PA,.PA,ROBERTET CI,
CBOT.PA,.PA,CBO TERRITORIA,
CBR.PA,.PA,ROBERTET CDV 87,
CBSM.PA,.PA,SCBSM,
CCEP.AS,.AS,Coca-ColaEuropacif,
CCN.PA,.PA,CRCAM NORM.SEINE,
CDA.PA,.PA,ALPES (COMPAGNIE),
CDG.MI,.MI,CASTA DIVA GROUP,
CDI.PA,.PA,CHRISTIAN DIOR,
CDU.LS,.LS,CONDURIL,
CE.MI,.MI,CREDEM,
CED.MI,.MI,CALTAGIRONE EDIT,
CELL.MI,.MI,CELLULARLINE,
CEM.MI,.MI,CEMENTIR HOLDING,
CEN.PA,.PA,GROUPE CRIT,
CENER.BR,.BR,CENERGY,
CFEB.BR,.BR,CFE,
CFI.PA,.PA,CFI,
CFL.MI,.MI,COFLE,
CFM.MI,.MI,CROWDFUNDME,
CFV.MI,.MI,CONFINVEST ORO,
CGF.MI,.MI,COGEFEED,
CHSR.PA,.PA,CHAUSSERIA,
CIR.MI,.MI,CIR,
CIRC.MI,.MI,CIRCLE,
CIV.PA,.PA,CRCAM ILLE-VIL.CCI,
CLABO.MI,.MI,CLABO,
CLARI.PA,.PA,CLARIANE,
CLE.MI,.MI,CLASS EDITORI,
CLEX.BR,.BR,CUMULEX,
CLF.MI,.MI,CALEFFI,
CLI.MI,.MI,C. LATTE D'ITALIA,
CLOUD.OL,.OL,CLOUDBERRY CLEAN,
CMB.MI,.MI,CEMBRE,
CMBT.BR,.BR,CMB.TECH,
CMBTO.OL,.OL,CMB.TECH,
CMCOM.AS,.AS,CM.COM,
CMO.PA,.PA,CRCAM MORBIHAN CCI,
CMTL.MI,.MI,COM.TEL,
CNDF.PA,.PA,CRCAM NORD CCI,
CO.PA,.PA,CASINO GUICHARD,
COBH.BR,.BR,CO.BR.HA,
CODE.OL,.OL,CODELAB CAPITAL,
COFA.PA,.PA,COFACE,
COFB.BR,.BR,COFINIMMO,
COH.PA,.PA,COHERIS,
COLR.BR,.BR,COLRUYT,
COM.MI,.MI,COMER INDUSTRIES,
COMB.BR,.BR,CIE BOIS SAUVAGE,
CONTX.OL,.OL,CONTEXTVISION,
COP.MI,.MI,COPERNICO,
COR.LS,.LS,CORTICEIRA AMORIM,
CORE.MI,.MI,ALLCORE,
COSH.OL,.OL,CONSTELLATION OIL,
COSMO.MI,.MI,FARMACOSMO,
COTY.PA,.PA,COTY,
COUR.PA,.PA,COURTOIS,
COV.PA,.PA,COVIVIO,
COVH.PA,.PA,COVIVIO HOTELS,
CPINV.BR,.BR,CARE PROPERTY INV.,
CPR.MI,.MI,CAMPARI,
CRAP.PA,.PA,CRCAM ALP.PROV.CCI,
CRAV.PA,.PA,CRCAM ATL.VEND.CCI,
CRBN.AS,.AS,CORBION,
CRBP2.PA,.PA,CRCAM BRIE PIC2CCI,
CREG.MI,.MI,CREACTIVES GROUP,
CRI.PA,.PA,CIECHARGEURSINVEST,
CRL.MI,.MI,CAREL INDUSTRIES,
CRLA.PA,.PA,CRCAM LANGUED CCI,
CRLO.PA,.PA,CRCAM LOIRE HTE L.,
CRNA.OL,.OL,CIRCIO HOLDING,
CROS.PA,.PA,CROSSWOOD,
CRSU.PA,.PA,CRCAM SUD R.A.CCI,
CRTO.PA,.PA,CRCAM TOURAINE CCI,
CS.PA,.PA,AXA,
CSP.MI,.MI,CSP INT IND CALZE,
CTAC.AS,.AS,CTAC,
CTPNV.AS,.AS,CTP,
CTT.LS,.LS,CTT CORREIOS PORT,
CUBE.MI,.MI,CUBE LABS,
CULT.MI,.MI,CULTI MILANO,
CV.PA,.PA,ZCI LIMITED,
CVC.AS,.AS,CVC CAPITAL,
CVG.MI,.MI,CONVERGENZE,
CY4.MI,.MI,CY4GATE,
CYAD.BR,.BR,CELYAD ONCOLOGY,
CYB.MI,.MI,CYBEROO,
CYVIZ.OL,.OL,CYVIZ,
D.MI,.MI,DIRECTA SIM,
DAL.MI,.MI,DATALOGIC,
DAN.MI,.MI,DANIELI & C,
DANR.MI,.MI,DANIELI & C RISP,
DATA.MI,.MI,DATRIX,
DBA.MI,.MI,DBA GROUP,
DBG.PA,.PA,DERICHEBOURG,
DBV.PA,.PA,DBV TECHNOLOGIES,
DDM.MI,.MI,DEDEM,
DDRIL.OL,.OL,DOLPHIN DRILLING,
DEA.MI,.MI,DIS ELET ADRIATICA,
DEC.PA,.PA,JCDECAUX,
DECB.BR,.BR,DECEUNINCK,
DEEZR.PA,.PA,DEEZER,
DEEZW.PA,.PA,DEEZER WARRANTS,
DELIA.OL,.OL,DELLIA GROUP,
DEME.BR,.BR,DEME GROUP,
DEX.MI,.MI,DEXELANCE,
DFENS.OL,.OL,FJORD DEFENCE GR,
DG.PA,.PA,VINCI,
DGT.MI,.MI,DIGITOUCH,
DGV.MI,.MI,DIGITAL VALUE,
DHH.MI,.MI,DHH,
DIA.MI,.MI,DIASORIN,
DIAD.MI,.MI,DIADEMA CAPITAL,
DIB.MI,.MI,DIGITAL BROS,
DIE.BR,.BR,D'IETEREN GROUP,
DIEG.BR,.BR,DIEGEM KENNEDYCERT,
DIM.PA,.PA,SARTORIUS STED BIO,
DIS.MI,.MI,D'AMICO,
DISL.BR,.BR,DISTRI-LAND CERT,
DIT.MI,.MI,DESTINATION ITALIA,
DKUPL.PA,.PA,DEKUPLE,
DLG.MI,.MI,DE'LONGHI,
DNB.OL,.OL,DNB BANK,
DNO.OL,.OL,DNO,
DNR.MI,.MI,INDUSTRIE DE NORA,
DOFG.OL,.OL,DOF GROUP,
DOT.MI,.MI,DOTSTAY,
DOV.MI,.MI,DOVALUE,
DOX.MI,.MI,DOXEE,
DPAM.PA,.PA,DOCK.PETR.AMBES AM,
DPT.PA,.PA,ST DUPONT,
DQ7A.IR,.IR,DONEGAL INVESTMENT,
DSC2S.AS,.AS,CABKA DSC2 TS,
DSFIR.AS,.AS,DSM FIRMENICH AG,
DSRT.OL,.OL,DESERT CONTROL,
DSY.PA,.PA,DASSAULT SYSTEMES,
DVD.OL,.OL,DEEP VALUE DRILLER,
E9IA.MI,.MI,E-NOVIA,
EAM.OL,.OL,EAM SOLAR,
EAPI.PA,.PA,EUROAPI,
EARTH.AS,.AS,GREEN EARTH GROUP,
EAS2P.AS,.AS,EASE2PAY NV,
EAV.MI,.MI,EMMA VILLAS,
EBUS.AS,.AS,EBUSCO HOLDING,
EC.PA,.PA,TotalEnergiesGabon,
ECK.MI,.MI,ECOSUNTEK,
ECMB.MI,.MI,ECOMEMBRANE,
ECMPA.AS,.AS,EUROCOMMERCIAL,
ECMPM.MI,.MI,EUROCOMMERCIAL,
ECNL.MI,.MI,AQUAFIL,
ECONB.BR,.BR,ECONOCOM GROUP,
ECT.AS,.AS,EUROCASTLE INVEST.,
EDAC.MI,.MI,EDILIZIACROBATICA,
EDEN.PA,.PA,EDENRED,
EDI.PA,.PA,MEDIA 6,
EDNR.MI,.MI,EDISON R,
EDP.LS,.LS,EDP,
EDPR.LS,.LS,EDP RENOVAVEIS,
EEM.PA,.PA,ELECT. MADAGASCAR,
EFG.PA,.PA,EAGLEFOOTBALLGROUP,
EFI.PA,.PA,EURASIA FONC INV,
EG7.IR,.IR,FBD HOLDINGS PLC,
EGB.MI,.MI,E-GLOBE,
EGL.LS,.LS,MOTA ENGIL,
EGLA.MI,.MI,EUROGROUP LAM,
EGR.PA,.PA,EVERGREEN,
EIFF.PA,.PA,TOUR EIFFEL,
EIOF.OL,.OL,EIDESVIK OFFSHORE,
EKI.PA,.PA,EKINOPS,
EKOP.BR,.BR,EKOPAK,
EL.PA,.PA,ESSILORLUXOTTICA,
ELABS.OL,.OL,ELLIPTIC LABORATOR,
ELB.MI,.MI,EDGELAB,
ELC.MI,.MI,ELICA,
ELEC.PA,.PA,ELEC.STRASBOURG,
ELI.BR,.BR,ELIA GROUP,
ELIMP.OL,.OL,ELEKTROIMPORTØREN,
ELIOR.PA,.PA,ELIOR GROUP,
ELIS.PA,.PA,ELIS,
ELK.OL,.OL,ELKEM,
ELMRA.OL,.OL,ELMERA GROUP,
ELN.MI,.MI,EL.EN.,
ELO.OL,.OL,ELOPAK,
ELSA.MI,.MI,ELSA SOLUTIONS,
EM.MI,.MI,EMAK,
EMEIS.PA,.PA,EMEIS,
EMGS.OL,.OL,ELECTROMAGNET GEO,
EN.PA,.PA,BOUYGUES,
ENA.MI,.MI,ENA,
ENAV.MI,.MI,ENAV,
ENDUR.OL,.OL,ENDÚR,
ENEL.MI,.MI,ENEL,
ENERG.OL,.OL,ENERGEIA,
ENH.OL,.OL,SED ENERGY HOLDING,
ENI.MI,.MI,ENI,
ENRGY.BR,.BR,ENERGYVISION,
ENSU.OL,.OL,ENSURGE MICROPOWER,
ENT.MI,.MI,ENERTRONICA SANT,
ENTRA.OL,.OL,ENTRA,
ENV.MI,.MI,ENERVIT,
ENVI.AS,.AS,ENVIPCO,
ENVIP.OL,.OL,ENVIPCO HOLDING,
ENY.MI,.MI,ENERGY,
EOS.PA,.PA,ACTEOS,
EPH.MI,.MI,E.P.H.,
EPR.OL,.OL,EUROPRIS,
EPRB.MI,.MI,EPRCOMUNICAZIONE,
EQNR.OL,.OL,EQUINOR,
EQS.PA,.PA,EQUASENS,
EQUI.MI,.MI,EQUITA GROUP,
EQVA.OL,.OL,EQVA,
ERA.PA,.PA,ERAMET,
ERC.AS,.AS,ER Capital,
ERF.PA,.PA,EUROFINS SCIENT.,
ERFO.MI,.MI,LAB FARMACEUT ERFO,
ERG.MI,.MI,ERG,
ESAU.MI,.MI,ESAUTOMOTION,
ESF.MI,.MI,EDIL SAN FELICE,
ESIGM.MI,.MI,ESI,
ESON.LS,.LS,ESTORIL SOL N,
ESPE.MI,.MI,ESPE,
ESTM.MI,.MI,ESTRIMA,
ET.MI,.MI,ENERGY TIME,
ETH.MI,.MI,EUROTECH,
ETL.PA,.PA,EUTELSAT COMMUNIC.,
ETS.MI,.MI,E.T.S.,
EUK.MI,.MI,EUKEDOS,
EVISO.MI,.MI,EVISO,
EVS.BR,.BR,EVS BROADC.EQUIPM.,
EXA.PA,.PA,EXAIL TECHNOLOGIES,
EXAI.MI,.MI,EXPERT.AI,
EXE.PA,.PA,EXEL INDUSTRIES,
EXEC.MI,.MI,EXECUS,
EXENS.PA,.PA,EXOSENS,
EXM.BR,.BR,EXMAR,
EXO.AS,.AS,EXOR NV,
EXPL.PA,.PA,EXPLOSIFS PROD.CHI,
EXTX.OL,.OL,EXACT THERAPEUTICS,
FAE.MI,.MI,FAE TECHNOLOGY,
FAGR.AS,.AS,FAGRON,
FARM.MI,.MI,H-FARM,
FAST.AS,.AS,FASTNED,
FBK.MI,.MI,FINECOBANK,
FCH.MI,.MI,FRANCHETTI,
FCMC.PA,.PA,FERM.CAS.MUN.CANNE,
FCP.LS,.LS,FUT.CLUBE PORTO,
FCT.MI,.MI,FINCANTIERI,
FDA.MI,.MI,FIDIA,
FDE.PA,.PA,FRANCAISE ENERGIE,
FDJU.PA,.PA,FDJ UNITED,
FER.AS,.AS,FERROVIAL,
FERGR.AS,.AS,FERRARI GROUP,
FF.MI,.MI,FINE FOODS & PHARM,
FFARM.AS,.AS,FORFARMERS,
FFSB.OL,.OL,FLEKKEFJORD SPAREB,
FGA.PA,.PA,FIGEAC AERO,
FGR.PA,.PA,EIFFAGE,
FIC.MI,.MI,FIRST CAPITAL,
FII.PA,.PA,LISI,
FILA.MI,.MI,FILA,
FINM.PA,.PA,FINANCIERE MARJOS,
FIPP.PA,.PA,FIPP,
FLEXD.LS,.LS,FLEXDEAL,
FLOB.BR,.BR,FLORIDIENNE,
FLOW.AS,.AS,FLOW TRADERS,
FLSP.BR,.BR,FLOWSPARKS,
FLUX.BR,.BR,FLUXYS BELGIUM D,
FM.MI,.MI,FIERA MILANO,
FMONC.PA,.PA,MONCEY (FIN.) NOM.,
FNAC.PA,.PA,FNAC DARTY,
FNM.MI,.MI,FNM,
FOAF.PA,.PA,FIN.OUEST AFRICAIN,
FORE.PA,.PA,FORESTIERE EQUAT.,
FOU.BR,.BR,FOUNTAIN,
FPE.MI,.MI,FOPE,
FPG.PA,.PA,UNION TECH.INFOR.,
FR.PA,.PA,VALEO,
FRE.MI,.MI,FRENDY ENERGY,
FREY.PA,.PA,FREY,
FRO.OL,.OL,FRONTLINE,
FRVIA.PA,.PA,FORVIA,
FSDV.PA,.PA,FSDV,
FTC.MI,.MI,FINANZA.TECH,
FUM.MI,.MI,FRANCHI UMB MARMI,
FUR.AS,.AS,FUGRO,
G.MI,.MI,GENERALI,
GAB.MI,.MI,GABETTI,
GAIN.MI,.MI,gAIn360,
GALP.LS,.LS,GALP ENERGIA-NOM,
GAM.PA,.PA,GAUMONT,
GAMB.MI,.MI,GAMBERO ROSSO,
GBT.PA,.PA,GUERBET,
GCOM.MI,.MI,GIGLIO.COM,
GDS.PA,.PA,RAMSAY GEN SANTE,
GE.MI,.MI,GEFRAN,
GEA.PA,.PA,GEA GRENOBL.ELECT.,
GEM.OL,.OL,GREEN MINERALS,
GENT.OL,.OL,GENTIAN DIAGNOSTIC,
GEO.MI,.MI,GEOX,
GEOS.OL,.OL,GOLDEN ENERGY OFF,
GET.PA,.PA,GETLINK SE,
GF.MI,.MI,GENERALFINANCE,
GFC.PA,.PA,GECINA,
GHC.MI,.MI,GAROF HEALTH CARE,
GIGA.OL,.OL,GIGANTE SALMON,
GIMB.BR,.BR,GIMV,
GIS.MI,.MI,GISMONDI 1754,
GJAJ.PA,.PA,GROUPE JAJ,
GJF.OL,.OL,GJENSIDIGE FORSIKR,
GL9.IR,.IR,GLANBIA PLC,
GLE.PA,.PA,SOCIETE GENERALE,
GLINT.LS,.LS,GLINTT,
GLO.PA,.PA,GL EVENTS,
GM.MI,.MI,GENTILI MOSCONI,
GML.MI,.MI,G.M. LEATHER,
GMS.MI,.MI,GIOCAMONDO STUDY,
GNFT.PA,.PA,GENFIT,
GNRO.PA,.PA,GENEURO,
GOD.OL,.OL,GOODTECH,
GPE.PA,.PA,GPE GROUP PIZZORNO,
GPI.MI,.MI,GPI,
GRAL.MI,.MI,GRIFAL,
GRN.MI,.MI,GREEN OLEO,
GRONG.OL,.OL,GRONG SPAREBANK,
GROW.MI,.MI,GROWENS,
GRP.IR,.IR,GREENCOAT REN.,
GRVO.PA,.PA,GRAINES VOLTZ,
GSF.OL,.OL,GRIEG SEAFOOD,
GSP.MI,.MI,GAS PLUS,
GT.MI,.MI,GT TALENT GROUP,
GTT.PA,.PA,GTT,
GUI.PA,.PA,GUILLEMOT,
GVR.IR,.IR,GLENVEAGH PROP.PLC,
GVS.MI,.MI,GVS,
GYL.OL,.OL,GYLDENDAL,
HAFNI.OL,.OL,HAFNIA LIMITED,
HAL.AS,.AS,HAL TRUST,
HAUTO.OL,.OL,HÖEGH AUTOLINERS,
HAV.OL,.OL,HAV GROUP,
HAVAS.AS,.AS,HAVAS,
HAVI.OL,.OL,HAVILA SHIPPING,
HBC.OL,.OL,HOFSETH BIOCARE,
HCO.PA,.PA,HIGH CO,
HDF.PA,.PA,HDF,
HDLY.OL,.OL,HUDDLY,
HDP.PA,.PA,HOTELS DE PARIS,
HEIA.AS,.AS,HEINEKEN,
HEIJM.AS,.AS,HEIJMANS KON,
HEIO.AS,.AS,HEINEKEN HOLDING,
HELG.OL,.OL,SPBK1 HELGELAND,
HER.MI,.MI,HERA,
HERMA.OL,.OL,HERMANA HOLDING,
HEX.OL,.OL,HEXAGON COMPOSITES,
HGSB.OL,.OL,HAUGESUND SPB,
HIK.MI,.MI,HAIKI+,
HKY.OL,.OL,HAVILA KYSTRUTEN,
HLX.MI,.MI,HELYX INDUSTRIES,
HMSO.IR,.IR,HAMMERSON PLC,
HO.PA,.PA,THALES,
HOLCO.AS,.AS,HOLLAND COLOURS,
HOMI.BR,.BR,HOME INVEST BE.,
HPUR.OL,.OL,HEXAGON PURUS,
HQF.MI,.MI,HIGH QUALITY FOOD,
HSHP.OL,.OL,HIMALAYA SHIPPING,
HSPG.OL,.OL,HØLAND OG SETSKOG,
HSW.IR,.IR,HOSTELWORLD GROUP,
HUDL.OL,.OL,HUDDLESTOCK FINTEC,
HUNT.OL,.OL,HUNTER GROUP,
HWK.AS,.AS,HAWICK DATA NV,
HYDRA.AS,.AS,HYDRATEC,
HYL.BR,.BR,HYLORIS,
HYN.OL,.OL,HYNION,
HYPRO.OL,.OL,HYDROGENPRO,
HYSG.BR,.BR,HYBRID SOFTWARE GR,
HZY.MI,.MI,HOMIZY,
IAM.PA,.PA,MAROC TELECOM,
IB.MI,.MI,INIZIAT BRESCIANE,
IBAB.BR,.BR,IBA,
IBS.LS,.LS,"IBERSOL,SGPS",
ICAD.PA,.PA,ICADE,
ICC.MI,.MI,INTERNAT CARE COMP,
ICF.MI,.MI,IND CHIMICHE FORES,
ICOP.MI,.MI,I.CO.P.,
ICOS.MI,.MI,INTERCOS,
IDEX.OL,.OL,IDEX BIOMETRICS,
IDIP.PA,.PA,IDI,
IDL.PA,.PA,ID LOGISTICS GROUP,
IDNTT.MI,.MI,IDNTT,
IEG.MI,.MI,ITALIAN EXHIBITION,
IEP.BR,.BR,IEP INVEST,
IF.MI,.MI,BANCA IFIS,
IG.MI,.MI,ITALGAS,
IGD.MI,.MI,IGD,
IGV.MI,.MI,I GRANDI VIAGGI,
ILLA.MI,.MI,ILLA,
ILP.MI,.MI,ILPRA,
IMCD.AS,.AS,IMCD,
IMD.MI,.MI,I.M.D.,
IMDA.PA,.PA,IMMOB.DASSAULT,
IMMO.BR,.BR,IMMOBEL,
IMMOU.BR,.BR,IMMO MOURY,
IMS.MI,.MI,IMMSI,
INC.MI,.MI,INNOVATEC,
INCLU.BR,.BR,INCLUSIO SA/NV,
INDB.MI,.MI,INDEL B,
INDCT.OL,.OL,INDUCT,
INEA.PA,.PA,FONCIERE INEA,
INF.PA,.PA,INFOTEL,
INGA.AS,.AS,ING GROEP N.V.,
INIFY.OL,.OL,INIFY LABORATORIES,
ININ.OL,.OL,ININ GROUP,
INPST.AS,.AS,INPOST,
INSTA.OL,.OL,INSTABANK,
INW.MI,.MI,INWIT,
IOT.MI,.MI,SECO,
IOX.OL,.OL,INTEROIL EXPL PROD,
IP.MI,.MI,INTERPUMP GROUP,
IPH.PA,.PA,INNATE PHARMA,
IPN.PA,.PA,IPSEN,
IPR.LS,.LS,"IMPRESA,SGPS",
IPS.PA,.PA,IPSOS,
IR5B.IR,.IR,IRISH CONT. GP.,
IRC.MI,.MI,IRCE,
IRE.MI,.MI,IREN,
IRES.IR,.IR,IRISH RES. PROP.,
ISC.MI,.MI,ISCC FINTECH,
ISLAX.OL,.OL,ICELANDIC SALMON,
ISP.MI,.MI,INTESA SANPAOLO,
ITD.MI,.MI,INTRED,
ITERA.OL,.OL,ITERA,
ITM.MI,.MI,ITALMOBILIARE,
ITP.PA,.PA,INTERPARFUMS,
ITW.MI,.MI,IT WAY,
ITXT.PA,.PA,INTEXA,
IVA.PA,.PA,INVENTIVA,
IVG.MI,.MI,IVECO GROUP,
IVN.MI,.MI,IVISION TECH,
IWB.MI,.MI,ITALIAN WINE BRAND,
IWS.OL,.OL,INTEGRATED WIND SO,
JAREN.OL,.OL,JÆREN SPAREBANK,
JBOG.PA,.PA,JACQUES BOGART,
JCQ.PA,.PA,JACQUET METALS,
JEN.BR,.BR,JENSEN-GROUP,
JIN.OL,.OL,JINHUI SHIPP TRANS,
JMT.LS,.LS,"J.MARTINS,SGPS",
JUVE.MI,.MI,JUVENTUS FC,
KBC.BR,.BR,KBC,
KBCA.BR,.BR,KBC ANCORA,
KCC.OL,.OL,KLAVENESS COMBINAT,
KENDR.AS,.AS,KENDRION,
KER.PA,.PA,KERING,
KEYW.BR,.BR,KEYWARE TECH.,
KID.OL,.OL,KID,
KIN.BR,.BR,KINEPOLIS GROUP,
KING.OL,.OL,THE KINGFISH COMP,
KIT.OL,.OL,KITRON,
KK.MI,.MI,KRUSO KAPITAL,
KLDVK.OL,.OL,KALDVIK,
KLN.MI,.MI,KALEON,
KME.MI,.MI,KME GROUP,
KMER.MI,.MI,KME GROUP RSP,
KMR.IR,.IR,KENMARE RESOURCES,
KOA.OL,.OL,KONGSBERG AUTOMOT,
KOF.PA,.PA,KAUFMAN ET BROAD,
KOG.OL,.OL,KONGSBERG GRUPPEN,
KOMPL.OL,.OL,KOMPLETT,
KPN.AS,.AS,KPN KON,
KRAB.OL,.OL,KRAFT BANK,
KRX.IR,.IR,KINGSPAN GROUP PLC,
KRZ.IR,.IR,KERRY GROUP PLC,
LACR.PA,.PA,LACROIX GROUP,
LAT.PA,.PA,LATECOERE,
LBIRD.PA,.PA,LUMIBIRD,
LDB.MI,.MI,LINDBERGH,
LDO.MI,.MI,LEONARDO,
LEBL.PA,.PA,FONCIERE 7 INVEST,
LFG.MI,.MI,LEONE FILM GROUP,
LHYFE.PA,.PA,LHYFE,
LI.PA,.PA,KLEPIERRE,
LIFE.OL,.OL,LIFECARE,
LIGHT.AS,.AS,SIGNIFY NV,
LIN.PA,.PA,LINEDATA SERVICES,
LINK.OL,.OL,LINK MOBILITY GRP,
LMG.MI,.MI,LUCISANO MEDIA G,
LNA.PA,.PA,LNA SANTE,
LNDR.MI,.MI,LANDI RENZO,
LOCAL.PA,.PA,SOLOCAL GROUP,
LOKO.OL,.OL,LOKOTECH GROUP,
LON.MI,.MI,LONGINO&CARDENAL,
LOTB.BR,.BR,LOTUS BAKERIES,
LOUP.PA,.PA,LDC,
LPE.PA,.PA,LAURENT-PERRIER,
LR.PA,.PA,LEGRAND,
LS.MI,.MI,LEMON SISTEMI,
LSG.OL,.OL,LERØY SEAFOOD GP,
LSS.PA,.PA,LECTRA,
LTA.PA,.PA,ALTAMIR,
LTMC.MI,.MI,LOTTOMATICA GROUP,
LTX.MI,.MI,LITIX,
LUMI.OL,.OL,LUMI GRUPPEN,
LUVE.MI,.MI,LUVE,
LVIDE.AS,.AS,LAVIDE HOLDING,
LYTIX.OL,.OL,LYTIX BIOPHARMA,
MAAT.PA,.PA,MAAT PHARMA,
MAIRE.MI,.MI,MAIRE,
MALT.PA,.PA,MALTERIES FCO-BEL.,
MAPS.MI,.MI,MAPS,
MAR.LS,.LS,MARTIFER,
MARE.MI,.MI,MARE ENGINEERING,
MARK.MI,.MI,MARKBASS,
MARP.MI,.MI,MARZOCCHI POMPE,
MARR.MI,.MI,MARR,
MAS.OL,.OL,MÅSØVAL,
MASI.MI,.MI,MASI AGRICOLA,
MAU.PA,.PA,MAUREL ET PROM,
MB.MI,.MI,MEDIOBANCA,
MBWS.PA,.PA,MBWS,
MC.PA,.PA,LVMH,
MCC.BR,.BR,IMMO MCC,
MCP.LS,.LS,MEDIA CAPITAL,
MDM.PA,.PA,MAISONS DU MONDE,
MEDCL.PA,.PA,MEDINCELL,
MEDI.OL,.OL,MEDISTIM,
MELE.BR,.BR,MELEXIS,
MELG.OL,.OL,MELHUS SPAREBANK,
MEMS.PA,.PA,MEMSCAP REGPT,
MERY.PA,.PA,MERCIALYS,
MET.MI,.MI,MET.EXTRA GROUP,
MEV.MI,.MI,MEVIM,
MF.PA,.PA,WENDEL,
MFEA.MI,.MI,MFE A,
MFEB.MI,.MI,MFE B,
MFT.MI,.MI,MATICA FINTEC,
MGN.OL,.OL,MAGNORA,
MGS.MI,.MI,MAGIS,
MHM.PA,.PA,MYHOTELMATCH,
MICC.AS,.AS,MAGNUM,
MIKO.BR,.BR,MIKO,
MING.OL,.OL,SPAREBANK 1 SMN,
MIO.IR,.IR,MINCON GROUP PLC,
ML.PA,.PA,MICHELIN,
MLAA.PA,.PA,AGENCE AUTO,
MLAAH.PA,.PA,AMATHEON AGRI,
MLAAT.PA,.PA,AZOREAN TECH,
MLABC.PA,.PA,IGIS NEPTUNE,
MLACT.PA,.PA,ACTIVIUM GROUP,
MLAEM.PA,.PA,ASHLER ET MANSON,
MLAGI.PA,.PA,AG3I,
MLAGP.PA,.PA,AGP MALAGA SOCIMI,
MLAIG.PA,.PA,ANDINO GLOBAL,
MLALE.PA,.PA,UCAPITAL GLOBAL,
MLALV.PA,.PA,ALVEEN,
MLARD.PA,.PA,ARDOIN ST AMAND A,
MLARO.PA,.PA,AROCA DEL PINAR,
MLATR.LS,.LS,ATRIUM BIRE SIGI,
MLAZL.PA,.PA,AZ LEASING,
MLAZR.PA,.PA,THE AZUR SELECTION,
MLBBO.PA,.PA,BEBO HEALTH,
MLBIO.PA,.PA,NORTEM BIOGROUP,
MLBON.PA,.PA,BONYF,
MLBSP.PA,.PA,BLUE SHARK POWER,
MLC.IR,.IR,MALIN CORP. PLC,
MLCAC.PA,.PA,LOMBARD ET MEDOT,
MLCFD.PA,.PA,CH.FER DEPARTEMENT,
MLCFM.PA,.PA,CFM INDOSUEZWEALTH,
MLCHE.PA,.PA,CHEOPS TECHNOLOGY,
MLCLI.PA,.PA,MAISON CLIO BLUE,
MLCLP.PA,.PA,COLIPAYS,
MLCMB.PA,.PA,CIE DU MONT BLANC,
MLCMG.PA,.PA,CMG CLEANTECH,
MLCMI.PA,.PA,SCEMI,
MLCNT.PA,.PA,CONSORT NT,
MLCOR.PA,.PA,COREP LIGHTING,
MLCOT.PA,.PA,CORETECH 5,
MLCOU.PA,.PA,COURBET HERITAGE,
MLDAM.PA,.PA,DAMARIS,
MLDYN.PA,.PA,DYNAFOND,
MLEAS.PA,.PA,EASSON HOLDINGS,
MLEAV.PA,.PA,EAVS,
MLEDR.PA,.PA,EAUX DE ROYAN,
MLEFA.PA,.PA,EDUFORM ACTION,
MLERH.PA,.PA,ELIX,
MLFDV.PA,.PA,FD,
MLFIR.PA,.PA,FIRSTCAUTION,
MLFMV.LS,.LS,FARMINVESTE,
MLFNP.PA,.PA,FNPTECHNOLOGIESSA,
MLFTI.PA,.PA,FRANCE TOURISME,
MLFXO.PA,.PA,FINAXO,
MLGAI.PA,.PA,G.A.I.,
MLGAL.PA,.PA,GALEO,
MLGEQ.PA,.PA,GENTLEMENS EQUITY,
MLGRC.PA,.PA,GROUPE CARNIVOR,
MLHBB.PA,.PA,HOCHE BAINS L.BAIN,
MLHBP.PA,.PA,HOTELES BESTPRICE,
MLHCF.PA,.PA,HOME CONCEPT,
MLHIN.PA,.PA,HOTL.IMMOB.NICE,
MLHK.PA,.PA,HK,
MLHMC.PA,.PA,HOT.MAJESTIC CANNE,
MLHOT.PA,.PA,HOTELIM,
MLHPE.PA,.PA,HOPENING,
MLHYD.PA,.PA,HYDRAULIQUEHOLDING,
MLHYE.PA,.PA,HYDRO-EXPLOIT.,
MLIDS.PA,.PA,IDS,
MLIFC.PA,.PA,INFOCLIP,
MLIFS.PA,.PA,IMPULSE FITNESS,
MLIML.PA,.PA,IMALLIANCE,
MLIMP.PA,.PA,IMPRIMERIE CHIRAT,
MLINA.PA,.PA,INMOLECULE,
MLINT.PA,.PA,IANTE INVESTMENTS,
MLIPP.PA,.PA,IMM.PARIS.PERLE,
MLIRF.PA,.PA,INNOVATIVE RFK SPA,
MLITN.PA,.PA,ITALY INNOVAZIONI,
MLLAB.PA,.PA,MEDIA LAB,
MLLCB.PA,.PA,CONSTRUCTEURS BOIS,
MLLOI.PA,.PA,LOCASYSTEM INTL,
MLMAQ.PA,.PA,MAQ ADMON. URBANAS,
MLMAZ.BR,.BR,MAZARO,
MLMFI.PA,.PA,CONDOR TECHNOLOG,
MLMGL.PA,.PA,MAGILLEM,
MLMIB.PA,.PA,METRICS IN BALANCE,
MLMTP.PA,.PA,MONTEPINO LOGISTIC,
MLMUT.PA,.PA,MUTTER VENTURES,
MLNEU.BR,.BR,NEUFCOUR-FIN.,
MLNMA.PA,.PA,MIGUET ET ASSOCIES,
MLNOV.PA,.PA,NOVATECH IND.,
MLOCT.PA,.PA,OCTOPUS BIOSAFETY,
MLODT.PA,.PA,ODIOT S.A.,
MLONE.PA,.PA,BODY ONE,
MLONL.PA,.PA,ONLINEFORMAPRO,
MLORE.LS,.LS,OLIMPO REAL ESTATE,
MLORQ.PA,.PA,ORINOQUIA,
MLPAC.PA,.PA,PACTE NOVATION,
MLPER.PA,.PA,PERSEIDA RENTA,
MLPHO.PA,.PA,PHOTONIKE CAPITAL,
MLPHW.PA,.PA,PHONE WEB,
MLPLC.PA,.PA,PLACOPLATRE,
MLPRE.PA,.PA,PRELUDE S.A,
MLPRG.PA,.PA,PREATONI GROUP,
MLPRI.PA,.PA,PROP.IMMEUBLES,
MLPRX.PA,.PA,PARX MATERIALS NV,
MLPVG.PA,.PA,GROUPE PLUS-VALUES,
MLRZE.LS,.LS,RAIZE,
MLSCI.PA,.PA,SCIENTIA SCHOOL,
MLSDN.PA,.PA,SAVONNERIE NYONS,
MLSEQ.PA,.PA,SEQUA PETROLEUM NV,
MLSML.PA,.PA,SMALTO,
MLSRP.PA,.PA,SPEED RABBIT PIZZA,
MLSTR.PA,.PA,STREIT MECANIQUE,
MLTRO.PA,.PA,TROC ILE,
MLTV.BR,.BR,CHOICE,
MLUAV.PA,.PA,EMBENTION,
MLUMG.PA,.PA,UMALIS GROUP,
MLVIE.PA,.PA,INTEGRITAS VIAGER,
MLVIN.PA,.PA,FONCIERE VINDI,
MLVST.PA,.PA,TELEVISTA,
MLWEA.PA,.PA,WEACCESS GROUP,
MLWEY.PA,.PA,WEYA,
MLWRS.PA,.PA,WELLNESS,
MLZAM.PA,.PA,ZCCM,
MMB.PA,.PA,LAGARDERE SA,
MMT.PA,.PA,METROPOLE TV,
MN.MI,.MI,MONDADORI EDIT,
MNL.MI,.MI,MONNALISA,
MOL.MI,.MI,MOLTIPLY GROUP,
MONC.MI,.MI,MONCLER,
MONT.BR,.BR,MONTEA,
MOP.BR,.BR,MOPOLI,
MOPF.BR,.BR,MOPOLI FOND,
MORE.AS,.AS,MOREFIELD GROUP,
MORG.OL,.OL,SPAREBANKEN MØRE,
MORLD.OL,.OL,MORELD,
MOUR.BR,.BR,MOURY CONSTRUCT,
MOWI.OL,.OL,MOWI,
MPCC.OL,.OL,MPC CONTAINER SHIP,
MPCES.OL,.OL,MPC ENERGY SOLUTIO,
MPT.MI,.MI,IMPIANTI,
MQSPA.MI,.MI,MEGLIOQUESTO,
MRL.LS,.LS,MERLIN PROPERTIES,
MRN.PA,.PA,MERSEN,
MS.MI,.MI,MISITANO STRACUZZI,
MT.AS,.AS,ARCELORMITTAL SA,
MTK.MI,.MI,METRIKS AI,
MTLS.BR,.BR,MATERIALISE,
MTRK.AS,.AS,MOTORK,
MTS.MI,.MI,MIT SIM,
MTU.PA,.PA,MANITOU BF,
MTV.MI,.MI,MONDO TV,
MTVFR.MI,.MI,MONDO TV FRANCE,
MULTI.OL,.OL,MULTICONSULT,
MVE.OL,.OL,MATVAREEXPRESSEN,
MVW.OL,.OL,M VEST WATER,
NACON.PA,.PA,NACON,
NAE.PA,.PA,North Atlantic En.,
NAI.AS,.AS,NAI ORD SHARES,
NAITR.AS,.AS,NAI TREAS SHARES,
NANO.PA,.PA,NANOBIOTIX,
NAPA.OL,.OL,NAPATECH,
NAS.OL,.OL,NORWEGIAN AIR SHUT,
NAVA.OL,.OL,NAVAMEDIC,
NBA.LS,.LS,"NOVABASE,SGPS",
NBX.OL,.OL,NORWEGIAN BLOCK EX,
NCOD.OL,.OL,NORCOD,
NDT.MI,.MI,NEODECORTECH,
NEDAP.AS,.AS,NEDAP,
NEDSE.AS,.AS,MKB Nedsense,
NEL.OL,.OL,NEL,
NEWT.BR,.BR,NEWTREE,
NEX.PA,.PA,NEXANS,
NEXI.MI,.MI,NEXI,
NEXT.OL,.OL,NEXT BIOMETRICS GP,
NEXTA.BR,.BR,NEXTENSA,
NHY.OL,.OL,NORSK HYDRO,
NISB.OL,.OL,NIDAROS SPAREBANK,
NK.PA,.PA,IMERYS,
NKR.OL,.OL,NEKKAR,
NN.AS,.AS,NN GROUP,
NOAP.OL,.OL,NORDIC AQUA PART,
NOD.OL,.OL,NORDIC SEMICONDUC,
NOFIN.OL,.OL,NORDIC FINANCIALS,
NOHAL.OL,.OL,NORDIC HALIBUT,
NOL.OL,.OL,NORTHERN OCEAN LTD,
NOM.OL,.OL,NORDIC MINING,
NONG.OL,.OL,SPBK1 NORD-NORGE,
NORAM.OL,.OL,NORAM DRILLING,
NORBT.OL,.OL,NORBIT,
NORCO.OL,.OL,NORCONSULT,
NORDH.OL,.OL,NORDHEALTH A-AKSJE,
NORSE.OL,.OL,NORSE ATLANTIC,
NORTH.OL,.OL,NORTH ENERGY,
NOS.LS,.LS,"NOS, SGPS",
NOSN.OL,.OL,NOS NOVA,
NOVA.MI,.MI,NOVAMARINE,
NPI.MI,.MI,NOTORIOUS PICTURES,
NR.MI,.MI,NEXT RE,
NR21.PA,.PA,NR21,
NRC.OL,.OL,NRC GROUP,
NRG.PA,.PA,NRJ GROUP,
NRO.PA,.PA,NEURONES,
NRP.AS,.AS,NEPI ROCKCASTLE,
NRST.MI,.MI,NEUROSOFT,
NSE.AS,.AS,NEW SOURCES ENERGY,
NSI.AS,.AS,NSI N.V.,
NSKOG.OL,.OL,NORSKE SKOG,
NSP.MI,.MI,NEOSPERIENCE,
NTG.OL,.OL,NORDIC TECHNOLOGY,
NTI.OL,.OL,NORSK TITANIUM,
NUS.MI,.MI,NUSCO,
NVG.LS,.LS,THE NAVIGATOR COMP,
NWL.MI,.MI,NEWPRINCES,
NXFIL.AS,.AS,NX FILTRATION,
NXI.PA,.PA,NEXITY,
NXT.MI,.MI,NEXT GEOSOLUTIONS,
NYKD.OL,.OL,NYKODE THERAPEUTIC,
NYR.BR,.BR,NYRSTAR,
NYXH.BR,.BR,NYXOAH,
OBEL.BR,.BR,ORANGE BELGIUM,
OBSRV.OL,.OL,OBSERVE MEDICAL,
OCEAN.OL,.OL,OCEAN GEOLOOP,
OCI.AS,.AS,OCI,
ODET.PA,.PA,COMPAGNIE ODET,
ODF.OL,.OL,ODFJELL SER. A,
ODFB.OL,.OL,ODFJELL SER. B,
ODL.OL,.OL,ODFJELL DRILLING,
OEC.MI,.MI,OPS ECOM,
OET.OL,.OL,OKEANIS ECO TANKER,
OIZ.IR,.IR,ORIGIN ENT. PLC,
OKEA.OL,.OL,OKEA,
OLI.MI,.MI,OLIDATA,
OMDA.OL,.OL,OMDA,
OMER.MI,.MI,OMER,
ONCIN.OL,.OL,ONCOINVENT,
ONTEX.BR,.BR,ONTEX GROUP,
OPM.PA,.PA,OPMOBILITY,
OPR.MI,.MI,OPS RETAIL,
OPS.MI,.MI,OPS ITALIA,
OPTI.BR,.BR,OPTION,
OR.PA,.PA,L'OREAL,
ORA.PA,.PA,ORANGE,
OREGE.PA,.PA,OREGE,
ORIA.PA,.PA,FIDUCIAL REAL EST.,
ORK.OL,.OL,ORKLA,
ORS.MI,.MI,ORSERO,
OS.MI,.MI,OFFICINA STELLARE,
OSA.MI,.MI,OSAI AUTOM SYSTEM,
OSE.PA,.PA,OSE IMMUNO,
OSUN.OL,.OL,OCEAN SUN,
OTEC.OL,.OL,OTELLO CORPORATION,
OTL.OL,.OL,ODFJELL TECHNOLOGY,
OTO.MI,.MI,OTOFARMA,
OTOVO.OL,.OL,OTOVO,
OVH.PA,.PA,OVH,
OVS.MI,.MI,OVS,
OXUR.BR,.BR,OXURION,
PAG.MI,.MI,PORTO AVIATION,
PAR.PA,.PA,PAREF,
PARB.OL,.OL,PARETO BANK,
PARP.PA,.PA,GROUPE PARTOUCHE,
PARRO.PA,.PA,PARROT,
PAT.PA,.PA,PATRIMOINE ET COMM,
PAY.BR,.BR,PAYTON PLANAR,
PBH.AS,.AS,PB HOLDING,
PEN.OL,.OL,PANORO ENERGY,
PERR.PA,.PA,PERRIER (GERARD),
PEUG.PA,.PA,PEUGEOT INVEST,
PEXIP.OL,.OL,PEXIP HOLDING,
PFI.MI,.MI,PREMIA FINANCE,
PHARM.AS,.AS,PHARMING GROUP,
PHIA.AS,.AS,PHILIPS KON,
PHIL.MI,.MI,PHILOGEN,
PHN.MI,.MI,PHARMANUTRA,
PHO.OL,.OL,PHOTOCURE,
PHR.LS,.LS,PHAROL,
PIA.MI,.MI,PIAGGIO,
PIG.PA,.PA,HAULOTTE GROUP,
PINF.MI,.MI,PININFARINA SPA,
PIRC.MI,.MI,PIRELLI & C,
PLC.MI,.MI,PLC,
PLN.MI,.MI,PLANETEL,
PLNW.PA,.PA,PLANISWARE,
PLSV.OL,.OL,PARATUS ENERGY SER,
PLT.OL,.OL,POLIGHT,
PLX.PA,.PA,PLUXEE,
PMED.MI,.MI,Piu' Medical,
PMT.MI,.MI,PROMOTICA,
PNL.AS,.AS,POSTNL,
PNOR.OL,.OL,PETRONOR EP,
POL.OL,.OL,POLARIS MEDIA,
POPR.MI,.MI,POLIGRAF PRINTING,
POR.MI,.MI,PORTOBELLO,
PORF.AS,.AS,PORCELEYNE FLES,
POXEL.PA,.PA,POXEL,
POZ.MI,.MI,POZZI MILANO,
PPG.OL,.OL,PIONEER PROPERTY,
PQ.MI,.MI,PIQUADRO,
PRC.PA,.PA,ARTMARKET COM,
PRE.MI,.MI,PREDICT,
PREVA.AS,.AS,VALUE8 CUM PREF,
PRO.MI,.MI,BCA PROFILO,
PROAC.PA,.PA,PROACTIS SA,
PROT.OL,.OL,PROTECTOR FORSIKRG,
PROX.BR,.BR,PROXIMUS,
PROXI.OL,.OL,PROXIMAR SEAFOOD,
PRS.OL,.OL,PROSAFE,
PRT.MI,.MI,ESPRINET,
PRX.AS,.AS,PROSUS,
PRY.MI,.MI,PRYSMIAN,
PRYME.OL,.OL,PRYME,
PSE.OL,.OL,PETROLIA,
PSQ.MI,.MI,PASQUARELLI AUTO,
PST.MI,.MI,POSTE ITALIANE,
PTR.MI,.MI,PATTERN,
PTSB.IR,.IR,PERM. TSB GP. HOLD,
PUB.PA,.PA,PUBLICIS GROUPE SA,
PUBLI.OL,.OL,PUBLIC PROPERTY IN,
PVL.PA,.PA,PLAST.VAL LOIRE,
PWS.MI,.MI,POWERSOFT,
PYRUM.OL,.OL,PYRUM INNOVATIONS,
QDT.PA,.PA,QUADIENT,
QEC.OL,.OL,QUESTERRE ENERGY,
QEV.AS,.AS,QEV,
QEVT.AS,.AS,QEV TREAS SHARES,
QFG.BR,.BR,QUESTFOR GR-PRICAF,
QRF.BR,.BR,QRF,
RACE.MI,.MI,FERRARI,
RAD.MI,.MI,RADICI,
RAM.LS,.LS,RAMADA,
RAND.AS,.AS,RANDSTAD NV,
RAT.MI,.MI,RATTI,
RBO.PA,.PA,ROCHE BOBOIS,
RBT.PA,.PA,ROBERTET,
RCO.PA,.PA,REMY COINTREAU,
RCS.MI,.MI,RCS MEDIAGROUP,
RDF.MI,.MI,REDELFI,
RDUE.MI,.MI,ERREDUE,
REACH.OL,.OL,REACH SUBSEA,
REAL.BR,.BR,REALCO,
REC.MI,.MI,RECORDATI ORD,
RECSI.OL,.OL,REC SILICON,
RECT.BR,.BR,RECTICEL,
REFL.OL,.OL,REFUELS,
REI.BR,.BR,REIBEL,
REINA.AS,.AS,REINET INVESTMENTS,
REN.AS,.AS,RELX,
RENE.LS,.LS,REN,
RES.MI,.MI,RES,
RETI.MI,.MI,RETI,
REVO.MI,.MI,REVO INSURANCE,
REY.MI,.MI,REPLY,
RF.PA,.PA,EURAZEO,
RFG.MI,.MI,RACING FORCE,
RFLTC.MI,.MI,REDFISH,
RI.PA,.PA,PERNOD RICARD,
RING.OL,.OL,SPBK1 RINGERIKE,
RIVER.OL,.OL,RIVER TECH,
RKT.MI,.MI,ROCKET SHARING C,
RMS.PA,.PA,HERMES INTL,
RMT.MI,.MI,RIBA MUNDO,
RN.MI,.MI,RISANAMENTO,
RNO.PA,.PA,RENAULT,
RNV.MI,.MI,RENOVALO,
ROCK.BR,.BR,WHITESTONE GROUP,
ROGS.OL,.OL,ROGALAND SPAREBANK,
ROM.OL,.OL,ROMREAL,
ROMER.OL,.OL,ROMERIKE SPAREBK,
ROU.BR,.BR,ROULARTA,
RPTN.MI,.MI,RINO PETINO,
RTL.MI,.MI,RTL,
RUI.PA,.PA,RUBIS,
RWAY.MI,.MI,RAI WAY,
RWY.MI,.MI,REWAY GROUP,
RXL.PA,.PA,REXEL,
RYA.IR,.IR,RYANAIR HOLD. PLC,
S30.PA,.PA,SOLUTIONS 30 SE,
S3D.MI,.MI,SOLID WORLD GROUP,
SAB.MI,.MI,SABAF,
SABE.PA,.PA,SAINT JEAN GROUPE,
SAC.MI,.MI,SACCHERIA F. FRANC,
SACI.PA,.PA,FIDUCIAL OFF.SOL.,
SAF.PA,.PA,SAFRAN,
SAGA.OL,.OL,SAGA PURE,
SALM.OL,.OL,SALMAR,
SALME.OL,.OL,SALMON EVOLUTION,
SAMS.PA,.PA,SAMSE,
SAN.PA,.PA,SANOFI,
SATS.OL,.OL,SATS,
SAVE.PA,.PA,SAVENCIA,
SB1NO.OL,.OL,SPAREBANK 1 SØR-N,
SB68.OL,.OL,SPARBNK 68 GR NORD,
SBC.MI,.MI,SICILY BY CAR,
SBMO.AS,.AS,SBM OFFSHORE,
SBNOR.OL,.OL,SPAREBANKEN NORGE,
SBO.OL,.OL,SELVAAG BOLIG,
SBT.PA,.PA,OENEO,
SCANA.OL,.OL,SCANA,
SCATC.OL,.OL,SCATEC,
SCB.LS,.LS,S.CLUBE BRAGA,
SCHP.PA,.PA,SECHE ENVIRONNEM.,
SCK.MI,.MI,SCIUKER FRAMES,
SCP.LS,.LS,SPORTING,
SCR.PA,.PA,SCOR SE,
SCT.LS,.LS,TOYOTA CAETANO,
SDG.PA,.PA,SYNERGIE,
SDSD.OL,.OL,S.D. STANDARD ETC,
SEA1.OL,.OL,Sea1 Offshore,
SEFER.PA,.PA,SERGEFERRARI GROUP,
SEIF.MI,.MI,SOC EDIT IL FATTO,
SELER.PA,.PA,SELECTIRENTE,
SEM.LS,.LS,SEMAPA,
SEQUA.BR,.BR,SEQUANA MEDICAL,
SERI.MI,.MI,SERI INDUSTRIAL,
SES.MI,.MI,SESA,
SESG.PA,.PA,SES,
SFCA.PA,.PA,SOC FRANC CASINOS,
SFER.MI,.MI,SALV FERRAGAMO,
SFL.MI,.MI,SAFILO GROUP,
SFPI.PA,.PA,GROUPE SFPI,
SFT.MI,.MI,SOFTLAB,
SGC.MI,.MI,SG COMPANY,
SGF.MI,.MI,SOGEFI,
SGO.AS,.AS,SAINT GOBAIN,
SGRO.PA,.PA,SEGRO PLC,
SHELL.AS,.AS,SHELL PLC,
SHUR.BR,.BR,SHURGARD,
SIAV.MI,.MI,SIAV,
SIFG.AS,.AS,SIF HOLDING,
SIGHT.PA,.PA,GENSIGHT BIOLOGICS,
SIP.BR,.BR,SIPEF,
SIT.MI,.MI,SIT,
SK.PA,.PA,S.E.B.,
SKAND.OL,.OL,SKANDIA GREENPOWER,
SKUE.OL,.OL,SKUE SPAREBANK,
SL.MI,.MI,SANLORENZO,
SLBEN.LS,.LS,BENFICA,
SLCO.PA,.PA,SELCODIS,
SLIGR.AS,.AS,SLIGRO FOOD GROUP,
SMCAP.MI,.MI,SMART CAPITAL,
SMCP.PA,.PA,SMCP,
SMN.MI,.MI,SIMONE,
SMOP.OL,.OL,SMARTOPTICS GROUP,
SNC.LS,.LS,"SONAECOM,SGPS",
SNG.LS,.LS,SONAGI,
SNI.OL,.OL,STOLT-NIELSEN,
SNOR.OL,.OL,SPBK 1 NORDMØRE,
SNTIA.OL,.OL,SENTIA,
SOAG.OL,.OL,SPBK1 ØSTFOLD AKE,
SOF.BR,.BR,SOFINA,
SOFF.OL,.OL,SOLSTAD OFFSHORE,
SOFT.BR,.BR,SOFTIMAT,
SOFTX.OL,.OL,SOFTOX SOLUTIONS,
SOGES.MI,.MI,SOGES GROUP,
SOGN.OL,.OL,SOGN SPAREBANK,
SOI.PA,.PA,SOITEC,
SOL.MI,.MI,SOL,
SOLB.BR,.BR,SOLVAY,
SOLV.BR,.BR,SOLVAC NOM(RETAIL),
SOM.MI,.MI,SOMEC,
SOMA.OL,.OL,SOLSTAD MARITIME,
SON.LS,.LS,SONAE,
SOP.PA,.PA,SOPRA STERIA GROUP,
SOS.MI,.MI,SOSTRAVEL.COM,
SPA.BR,.BR,SPADEL,
SPEL.PA,.PA,FONCIERE VOLTA,
SPIE.PA,.PA,SPIE,
SPM.MI,.MI,SAIPEM,
SPOG.OL,.OL,SPAREBANKEN ØST,
SPOL.OL,.OL,SPBK 1 ØSTLANDET,
SRG.MI,.MI,SNAM,
SRP.PA,.PA,SHOWROOMPRIVE,
SSL.MI,.MI,S.S. LAZIO,
STAR7.MI,.MI,STAR7,
STB.OL,.OL,STOREBRAND,
STECH.OL,.OL,SOILTECH,
STF.PA,.PA,STEF,
STLAM.MI,.MI,STELLANTIS,
STLAP.PA,.PA,STELLANTIS NV,
STMMI.MI,.MI,STMICROELECTRONICS,
STMPA.PA,.PA,STMICROELECTRONICS,
STRO.OL,.OL,STRONGPOINT,
STST.OL,.OL,STAINLESS TANKERS,
SU.PA,.PA,SCHNEIDER ELECTRIC,
SUBC.OL,.OL,SUBSEA 7,
SVS.MI,.MI,SVAS BIOSANA,
SW.PA,.PA,SODEXO,
SWON.OL,.OL,SOFTWAREONE HOLD,
SWP.PA,.PA,SWORD GROUP,
SYENS.BR,.BR,SYENSQO,
SYS.MI,.MI,SYS-DAT,
TALEA.MI,.MI,TALEA,
TB.MI,.MI,TRIBOO,
TCG.MI,.MI,TECNO,
TCM.MI,.MI,TECMA SOLUTIONS,
TD.MI,.MI,TRENDEVICE,
TDSA.LS,.LS,TEIXEIRA DUARTE,
TE.PA,.PA,TECHNIP ENERGIES,
TECH.OL,.OL,TECHSTEP,
TEKNA.OL,.OL,TEKNA HOLDING,
TEL.OL,.OL,TELENOR,
TEN.MI,.MI,TENARIS,
TEP.PA,.PA,TELEPERFORMANCE,
TERBS.PA,.PA,TERACT BS,
TES.MI,.MI,TESMEC,
TESB.BR,.BR,TESSENDERLO,
TEXF.BR,.BR,TEXAF,
TFF.PA,.PA,TFF GROUP,
TFG.AS,.AS,TETRAGON FIN GRP,
TFI.PA,.PA,TF1,
TFIN.MI,.MI,TREVI FIN IND,
TGS.OL,.OL,TGS,
TGYM.MI,.MI,TECHNOGYM,
THEON.AS,.AS,THEON INTERNAT,
THEP.PA,.PA,THERMADOR GROUPE,
TIETO.OL,.OL,TIETOEVRY,
TIME.MI,.MI,COMPAGNIA CARAIBI,
TINC.BR,.BR,TINC,
TINDE.OL,.OL,TINDE SPAREBANK,
TIP.MI,.MI,TAMBURI,
TISG.MI,.MI,THE ITALIAN SEA G,
TIT.MI,.MI,TELECOM ITALIA,
TITC.BR,.BR,TITAN S.A.,
TITR.MI,.MI,TELECOM ITALIA R,
TKO.PA,.PA,TIKEHAU CAPITAL,
TLM.MI,.MI,TELMES,
TLS.MI,.MI,TELESIA,
TMP.MI,.MI,TMP GROUP,
TNG.PA,.PA,TRANSGENE,
TNX.MI,.MI,TENAX INTERNAT,
TNXT.MI,.MI,TINEXTA,
TOM.OL,.OL,TOMRA SYSTEMS,
TOM2.AS,.AS,TOMTOM,
TPRO.MI,.MI,TECHNOPROBE,
TPS.MI,.MI,TPS,
TRACT.PA,.PA,TERACT,
TRAI.MI,.MI,TRADELAB,
TRI.PA,.PA,TRIGANO,
TRIO.AS,.AS,TRIODOS BANK,
TRMED.OL,.OL,THOR MEDICAL,
TRN.MI,.MI,TERNA,
TRSB.OL,.OL,TRØNDELAG SPBK,
TSL.MI,.MI,TESSELLIS,
TTE.BR,.BR,TOTALENERGIES,
TUB.BR,.BR,TUBIZE-FIN,
TVRB.PA,.PA,TELEVERBIER,
TWEKA.AS,.AS,TKH GROUP,
TWL.MI,.MI,TRAWELL CO,
TXT.MI,.MI,TXT E-SOLUTIONS,
TYA.MI,.MI,TOSCANA AEROPORTI,
U24.MI,.MI,UCAPITAL24,
UBA.MI,.MI,UBALDI COSTRUZIONI,
UBI.PA,.PA,UBISOFT ENTERTAIN,
UCB.BR,.BR,UCB,
UCG.MI,.MI,UNICREDIT,
UD.MI,.MI,UNIDATA,
UMG.AS,.AS,UMG,
UMI.BR,.BR,UMICORE,
UNA.AS,.AS,UNILEVER,
UNI.MI,.MI,UNIPOL,
UPR.IR,.IR,UNIPHAR PLC,
URW.PA,.PA,UNIBAIL-RODAMCO-WE,
VAC.PA,.PA,PIERRE VACANCES,
VAF.LS,.LS,VAA VISTA ALEGRE,
VALUE.AS,.AS,VALUE8,
VAN.BR,.BR,VAN DE VELDE,
VANTI.PA,.PA,VANTIVA,
VAR.OL,.OL,VÅR ENERGI,
VARV.MI,.MI,SBE-VARVIT,
VCT.PA,.PA,VICAT,
VDI.OL,.OL,VANTAGE DRILLING I,
VEI.OL,.OL,VEIDEKKE,
VEND.OL,.OL,VEND MARKETPLACES,
VETO.PA,.PA,VETOQUINOL,
VGP.BR,.BR,VGP,
VIE.PA,.PA,VEOLIA ENVIRON.,
VIL.PA,.PA,VIEL ET COMPAGNIE,
VIM.MI,.MI,VIMI FASTENERS,
VIO.BR,.BR,VIOHALCO,
VIRI.PA,.PA,VIRIDIEN,
VIRP.PA,.PA,VIRBAC,
VISTN.OL,.OL,VISTIN PHARMA,
VIV.PA,.PA,VIVENDI SE,
VK.PA,.PA,VALLOUREC,
VLA.PA,.PA,VALNEVA,
VLC.MI,.MI,VALICA,
VLK.AS,.AS,V LANSCHOT KEMPEN,
VLS.MI,.MI,VALSOIA,
VLT.MI,.MI,VALTECNE,
VLTSA.PA,.PA,VOLTALIA,
VMX.PA,.PA,VERIMATRIX,
VNE.MI,.MI,VNE,
VNT.MI,.MI,VANTEA SMART,
VNXT.MI,.MI,VINEXT,
VOW.OL,.OL,VOW,
VPK.AS,.AS,VOPAK,
VRLA.PA,.PA,VERALLIA,
VTA.AS,.AS,VOLTA FINANCE,
VTR.PA,.PA,VITURA,
VTURA.OL,.OL,VENTURA OFFSHORE,
VU.PA,.PA,Vusion,
VVG.MI,.MI,VIVENDA GROUP,
VVL.OL,.OL,VOSS VEKSEL OGLAND,
VVY.AS,.AS,VIVORYON,
WAGA.PA,.PA,WAGA ENERGY,
WAVE.PA,.PA,WAVESTONE,
WAWI.OL,.OL,WALLENIUS WILHELMS,
WBD.MI,.MI,WEBUILD,
WBDR.MI,.MI,WEBUILD RSP,
WBS.MI,.MI,WEBSOLUTE,
WEB.BR,.BR,WAREHOUSES ESTATES,
WEHB.BR,.BR,WERELDHAVE BELGIUM,
WEST.OL,.OL,WESTERN BULK CHART,
WHA.AS,.AS,WERELDHAVE,
WHATS.BR,.BR,WHAT'S COOKING GP,
WIIT.MI,.MI,WIIT,
WKL.AS,.AS,WOLTERS KLUWER,
WLN.PA,.PA,WORLDLINE,
WSTEP.OL,.OL,WEBSTEP,
WWI.OL,.OL,WILH. WILHELMSEN A,
WWIB.OL,.OL,WILH. WILHELMSEN B,
XFAB.PA,.PA,X-FAB,
XHS.MI,.MI,XENIA,
XIOR.BR,.BR,XIOR,
XPLRA.OL,.OL,XPLORA TECHNOLOGIE,
YACHT.MI,.MI,FERRETTI,
YAR.OL,.OL,YARA INTERNATIONAL,
YKY.MI,.MI,YAKKYO,
YOLO.MI,.MI,YOLO GROUP,
YRM.MI,.MI,ROSETTI MARINO,
ZAL.OL,.OL,ZALARIS,
ZAP.OL,.OL,ZAPTEC,
ZEN.BR,.BR,ZENOBE GRAMME CERT,
ZENA.OL,.OL,ZENITH ENERGY,
ZEST.MI,.MI,ZEST,
ZLNA.OL,.OL,ZELLUNA,
ZUC.MI,.MI,ZUCCHI,
ZV.MI,.MI,ZIGNAGO VETRO,
